date,open,high,low,close
2017-01-01,,,,
2017-01-02,0.7436,0.7467,0.7429,0.7433
2017-01-03,0.7431,0.746,0.7424,0.7446
2017-01-04,0.7443,0.7526,0.7426,0.7515
2017-01-05,0.7513,0.7579,0.7507,0.7556
2017-01-06,0.7553,0.7586,0.7532,0.7556
2017-01-07,,,,
2017-01-08,,,,
2017-01-09,0.7541,0.7574,0.7527,0.756
2017-01-10,0.756,0.7578,0.7538,0.7554
2017-01-11,0.755,0.7619,0.7519,0.7584
2017-01-12,0.7581,0.7672,0.7581,0.7604
2017-01-13,0.76,0.7627,0.7589,0.7622
2017-01-14,,,,
2017-01-15,,,,
2017-01-16,0.7611,0.7621,0.7578,0.7582
2017-01-17,0.7579,0.768,0.7578,0.766
2017-01-18,0.766,0.7667,0.7529,0.7536
2017-01-19,0.7532,0.7543,0.7484,0.7504
2017-01-20,0.7501,0.7526,0.7465,0.7498
2017-01-21,,,,
2017-01-22,,,,
2017-01-23,0.7499,0.7562,0.7495,0.7561
2017-01-24,0.7558,0.7621,0.7515,0.7595
2017-01-25,0.7595,0.7654,0.7593,0.765
2017-01-26,0.7646,0.7658,0.7611,0.7636
2017-01-27,0.7633,0.7639,0.7597,0.7606
2017-01-28,,,,
2017-01-29,,,,
2017-01-30,0.761,0.7644,0.7589,0.7623
2017-01-31,0.762,0.7708,0.7615,0.7666
2017-02-01,0.7662,0.7671,0.7627,0.7665
2017-02-02,0.7662,0.7701,0.7657,0.7672
2017-02-03,0.7672,0.7694,0.765,0.768
2017-02-04,,,,
2017-02-05,,,,
2017-02-06,0.7671,0.7686,0.761,0.7645
2017-02-07,0.7642,0.7647,0.7564,0.7583
2017-02-08,0.758,0.7612,0.7571,0.7607
2017-02-09,0.7604,0.7634,0.7591,0.7607
2017-02-10,0.7607,0.7652,0.7595,0.7647
2017-02-11,,,,
2017-02-12,,,,
2017-02-13,0.7633,0.7657,0.7616,0.7645
2017-02-14,0.7644,0.7676,0.7625,0.7646
2017-02-15,0.7644,0.7652,0.7618,0.7645
2017-02-16,0.7641,0.7684,0.764,0.7649
2017-02-17,0.7645,0.7655,0.7614,0.764
2017-02-18,,,,
2017-02-19,,,,
2017-02-20,0.7633,0.7646,0.7617,0.7627
2017-02-21,0.7624,0.7631,0.7592,0.7604
2017-02-22,0.7601,0.7625,0.7566,0.7596
2017-02-23,0.7593,0.7641,0.7588,0.7627
2017-02-24,0.7627,0.7657,0.7619,0.764
2017-02-25,,,,
2017-02-26,,,,
2017-02-27,0.7628,0.7641,0.7578,0.7581
2017-02-28,0.7578,0.7594,0.7506,0.7507
2017-03-01,0.7509,0.7525,0.7482,0.7498
2017-03-02,0.7497,0.75,0.7457,0.7464
2017-03-03,0.7461,0.7479,0.7438,0.7479
2017-03-04,,,,
2017-03-05,,,,
2017-03-06,0.747,0.7476,0.7444,0.7453
2017-03-07,0.7453,0.747,0.744,0.7454
2017-03-08,0.7451,0.7462,0.7402,0.7409
2017-03-09,0.7406,0.7415,0.7384,0.74
2017-03-10,0.7397,0.7448,0.7394,0.7428
2017-03-11,,,,
2017-03-12,,,,
2017-03-13,0.7423,0.7444,0.7417,0.743
2017-03-14,0.743,0.7439,0.7405,0.7413
2017-03-15,0.7413,0.752,0.7412,0.7517
2017-03-16,0.7515,0.753,0.7485,0.7504
2017-03-17,0.7501,0.7514,0.7471,0.7482
2017-03-18,,,,
2017-03-19,,,,
2017-03-20,0.7481,0.7494,0.7477,0.7494
2017-03-21,0.7491,0.7509,0.748,0.7487
2017-03-22,0.7484,0.7505,0.7453,0.7498
2017-03-23,0.7495,0.7508,0.7481,0.7483
2017-03-24,0.7483,0.7491,0.7466,0.7478
2017-03-25,,,,
2017-03-26,,,,
2017-03-27,0.7495,0.7505,0.7458,0.7471
2017-03-28,0.7468,0.7486,0.7451,0.7471
2017-03-29,0.7468,0.7504,0.7458,0.7496
2017-03-30,0.7496,0.7529,0.7486,0.7493
2017-03-31,0.7493,0.7526,0.7476,0.7511
2017-04-01,,,,
2017-04-02,,,,
2017-04-03,0.7504,0.7511,0.7458,0.7469
2017-04-04,0.7466,0.7475,0.7427,0.7462
2017-04-05,0.7459,0.7472,0.7431,0.7443
2017-04-06,0.744,0.7461,0.743,0.745
2017-04-07,0.7447,0.7491,0.7441,0.7463
2017-04-08,,,,
2017-04-09,,,,
2017-04-10,0.7454,0.7506,0.7443,0.7504
2017-04-11,0.7501,0.7511,0.7482,0.7501
2017-04-12,0.7497,0.755,0.7492,0.7546
2017-04-13,0.7543,0.756,0.7493,0.7498
2017-04-14,0.7496,0.7511,0.7493,0.7507
2017-04-15,,,,
2017-04-16,,,,
2017-04-17,0.7504,0.7538,0.7498,0.7502
2017-04-18,0.7499,0.7509,0.7458,0.747
2017-04-19,0.7467,0.7473,0.7408,0.7417
2017-04-20,0.7414,0.7428,0.7404,0.7424
2017-04-21,0.7421,0.7429,0.739,0.7411
2017-04-22,,,,
2017-04-23,,,,
2017-04-24,0.7413,0.7454,0.7391,0.7396
2017-04-25,0.7395,0.7398,0.7334,0.7366
2017-04-26,0.7362,0.7382,0.7332,0.7342
2017-04-27,0.734,0.7389,0.7312,0.733
2017-04-28,0.7327,0.7337,0.7297,0.7322
2017-04-29,,,,
2017-04-30,,,,
2017-05-01,0.7323,0.7331,0.7302,0.7311
2017-05-02,0.7308,0.7323,0.7266,0.7294
2017-05-03,0.729,0.7306,0.7273,0.7281
2017-05-04,0.7278,0.7297,0.7255,0.727
2017-05-05,0.7267,0.7328,0.7245,0.7327
2017-05-06,,,,
2017-05-07,,,,
2017-05-08,0.7309,0.7328,0.7277,0.7299
2017-05-09,0.7296,0.7313,0.7266,0.7294
2017-05-10,0.7291,0.7325,0.7278,0.731
2017-05-11,0.7306,0.7308,0.726,0.7295
2017-05-12,0.7292,0.7315,0.7273,0.7294
2017-05-13,,,,
2017-05-14,,,,
2017-05-15,0.7288,0.735,0.7283,0.7335
2017-05-16,0.7332,0.7365,0.7318,0.7345
2017-05-17,0.7342,0.7366,0.7326,0.7359
2017-05-18,0.7355,0.7361,0.7312,0.7346
2017-05-19,0.7343,0.74,0.7342,0.7395
2017-05-20,,,,
2017-05-21,,,,
2017-05-22,0.7396,0.7413,0.738,0.7406
2017-05-23,0.7403,0.7429,0.7389,0.7397
2017-05-24,0.7394,0.7458,0.738,0.7455
2017-05-25,0.7452,0.7468,0.7407,0.7414
2017-05-26,0.7411,0.7442,0.7404,0.7437
2017-05-27,,,,
2017-05-28,,,,
2017-05-29,0.7431,0.7445,0.7416,0.7422
2017-05-30,0.7419,0.7432,0.7401,0.7421
2017-05-31,0.7417,0.744,0.739,0.7408
2017-06-01,0.7404,0.7421,0.7387,0.74
2017-06-02,0.7397,0.7415,0.7377,0.7405
2017-06-03,,,,
2017-06-04,,,,
2017-06-05,0.7405,0.7428,0.7402,0.7418
2017-06-06,0.7414,0.744,0.7411,0.7431
2017-06-07,0.7431,0.7446,0.7388,0.7398
2017-06-08,0.7398,0.7414,0.738,0.7399
2017-06-09,0.7396,0.7447,0.7387,0.7426
2017-06-10,,,,
2017-06-11,,,,
2017-06-12,0.7429,0.7509,0.7419,0.7506
2017-06-13,0.7502,0.7566,0.7502,0.7552
2017-06-14,0.7549,0.7593,0.7531,0.7554
2017-06-15,0.755,0.7559,0.751,0.7542
2017-06-16,0.7539,0.7572,0.7529,0.7564
2017-06-17,,,,
2017-06-18,,,,
2017-06-19,0.7565,0.7579,0.7538,0.7559
2017-06-20,0.7556,0.7571,0.7522,0.7533
2017-06-21,0.753,0.7535,0.7487,0.75
2017-06-22,0.7497,0.7569,0.7493,0.7554
2017-06-23,0.7551,0.7568,0.7511,0.7542
2017-06-24,,,,
2017-06-25,,,,
2017-06-26,0.7534,0.7567,0.7532,0.754
2017-06-27,0.754,0.7604,0.7536,0.7589
2017-06-28,0.7585,0.7682,0.758,0.7668
2017-06-29,0.7665,0.7699,0.7663,0.7693
2017-06-30,0.769,0.7722,0.7688,0.7715
2017-07-01,,,,
2017-07-02,,,,
2017-07-03,0.7704,0.7711,0.7678,0.7688
2017-07-04,0.7685,0.7742,0.7679,0.7728
2017-07-05,0.7725,0.7732,0.7681,0.7716
2017-07-06,0.7713,0.7736,0.7697,0.7704
2017-07-07,0.7701,0.7774,0.7691,0.7769
2017-07-08,,,,
2017-07-09,,,,
2017-07-10,0.7755,0.7767,0.7728,0.7756
2017-07-11,0.7753,0.7759,0.7722,0.7741
2017-07-12,0.7738,0.7879,0.7724,0.7837
2017-07-13,0.7835,0.7859,0.7826,0.7852
2017-07-14,0.785,0.791,0.784,0.7909
2017-07-15,,,,
2017-07-16,,,,
2017-07-17,0.7903,0.7917,0.7868,0.7873
2017-07-18,0.787,0.7947,0.787,0.7914
2017-07-19,0.7911,0.7947,0.7899,0.7932
2017-07-20,0.7929,0.7969,0.7906,0.7937
2017-07-21,0.7934,0.7983,0.7928,0.7977
2017-07-22,,,,
2017-07-23,,,,
2017-07-24,0.7969,0.8008,0.7963,0.7991
2017-07-25,0.7988,0.801,0.7974,0.7988
2017-07-26,0.7988,0.8052,0.7968,0.8031
2017-07-27,0.8028,0.8052,0.795,0.7966
2017-07-28,0.7963,0.805,0.7952,0.8046
2017-07-29,,,,
2017-07-30,,,,
2017-07-31,0.8038,0.8042,0.7979,0.7999
2017-08-01,0.7996,0.8029,0.7962,0.7966
2017-08-02,0.7962,0.7973,0.7938,0.7954
2017-08-03,0.7951,0.7964,0.792,0.7952
2017-08-04,0.7949,0.7962,0.789,0.7908
2017-08-05,,,,
2017-08-06,,,,
2017-08-07,0.7909,0.7916,0.7861,0.7885
2017-08-08,0.7881,0.7903,0.7866,0.7891
2017-08-09,0.7888,0.7894,0.7857,0.7875
2017-08-10,0.7872,0.7885,0.7837,0.7847
2017-08-11,0.7842,0.7899,0.7836,0.7893
2017-08-12,,,,
2017-08-13,,,,
2017-08-14,0.7882,0.7889,0.785,0.7857
2017-08-15,0.7854,0.7861,0.7821,0.7838
2017-08-16,0.7835,0.7928,0.7827,0.7915
2017-08-17,0.7915,0.7941,0.7877,0.7884
2017-08-18,0.7881,0.7962,0.7874,0.7946
2017-08-19,,,,
2017-08-20,,,,
2017-08-21,0.7937,0.7963,0.7928,0.7959
2017-08-22,0.7955,0.7981,0.7936,0.7952
2017-08-23,0.7952,0.7972,0.7932,0.7968
2017-08-24,0.7965,0.7989,0.7956,0.7986
2017-08-25,0.7986,0.802,0.7971,0.8018
2017-08-26,,,,
2017-08-27,,,,
2017-08-28,0.8014,0.8033,0.7973,0.7985
2017-08-29,0.7982,0.8035,0.7964,0.7991
2017-08-30,0.7988,0.7998,0.7909,0.792
2017-08-31,0.7917,0.8013,0.7892,0.801
2017-09-01,0.8007,0.8098,0.8001,0.807
2017-09-02,,,,
2017-09-03,,,,
2017-09-04,0.8071,0.8078,0.8043,0.8055
2017-09-05,0.8052,0.8104,0.8049,0.8083
2017-09-06,0.808,0.8203,0.805,0.8169
2017-09-07,0.8168,0.8255,0.8165,0.8248
2017-09-08,0.8245,0.8289,0.8217,0.8229
2017-09-09,,,,
2017-09-10,,,,
2017-09-11,0.8225,0.8264,0.8212,0.8263
2017-09-12,0.8259,0.8274,0.8199,0.8209
2017-09-13,0.8206,0.8241,0.8178,0.8217
2017-09-14,0.8215,0.8223,0.8168,0.8221
2017-09-15,0.8218,0.8247,0.818,0.8207
2017-09-16,,,,
2017-09-17,,,,
2017-09-18,0.82,0.8214,0.8101,0.8139
2017-09-19,0.8139,0.8158,0.812,0.8134
2017-09-20,0.8131,0.8172,0.8066,0.8108
2017-09-21,0.8105,0.8114,0.808,0.8109
2017-09-22,0.8106,0.8157,0.8092,0.811
2017-09-23,,,,
2017-09-24,,,,
2017-09-25,0.8095,0.8118,0.807,0.8081
2017-09-26,0.8082,0.8108,0.8051,0.8088
2017-09-27,0.8088,0.8104,0.8006,0.801
2017-09-28,0.801,0.8052,0.7983,0.8041
2017-09-29,0.8038,0.8052,0.7978,0.8022
2017-09-30,,,,
2017-10-01,,,,
2017-10-02,0.8014,0.8019,0.7979,0.7989
2017-10-03,0.7986,0.801,0.7971,0.8004
2017-10-04,0.8001,0.803,0.7996,0.801
2017-10-05,0.8014,0.8023,0.7941,0.7955
2017-10-06,0.7951,0.7985,0.7935,0.7985
2017-10-07,,,,
2017-10-08,,,,
2017-10-09,0.797,0.7981,0.7958,0.7963
2017-10-10,0.796,0.8008,0.7959,0.7988
2017-10-11,0.7985,0.8029,0.7976,0.8027
2017-10-12,0.8024,0.8041,0.8,0.8016
2017-10-13,0.8016,0.8028,0.7982,0.8027
2017-10-14,,,,
2017-10-15,,,,
2017-10-16,0.8005,0.8017,0.7965,0.7986
2017-10-17,0.7982,0.7989,0.7941,0.7988
2017-10-18,0.7985,0.8025,0.7974,0.8021
2017-10-19,0.8018,0.803,0.7999,0.8009
2017-10-20,0.8006,0.8013,0.7913,0.7922
2017-10-21,,,,
2017-10-22,,,,
2017-10-23,0.7911,0.7926,0.7894,0.7907
2017-10-24,0.7904,0.7921,0.7874,0.789
2017-10-25,0.7887,0.7896,0.7798,0.7809
2017-10-26,0.781,0.7822,0.7773,0.7775
2017-10-27,0.7775,0.781,0.7737,0.7808
2017-10-28,,,,
2017-10-29,,,,
2017-10-30,0.7788,0.7803,0.7771,0.7791
2017-10-31,0.7788,0.7796,0.7738,0.7751
2017-11-01,0.7748,0.7777,0.7741,0.7765
2017-11-02,0.7764,0.7809,0.7762,0.7801
2017-11-03,0.7801,0.7861,0.7786,0.7837
2017-11-04,,,,
2017-11-05,,,,
2017-11-06,0.7829,0.787,0.7818,0.7861
2017-11-07,0.7862,0.7866,0.7796,0.783
2017-11-08,0.7827,0.7863,0.7823,0.7854
2017-11-09,0.7851,0.7892,0.7844,0.7883
2017-11-10,0.7879,0.7893,0.7872,0.7879
2017-11-11,,,,
2017-11-12,,,,
2017-11-13,0.7874,0.7886,0.7844,0.785
2017-11-14,0.7847,0.7872,0.7825,0.785
2017-11-15,0.7847,0.7864,0.7814,0.783
2017-11-16,0.7827,0.7854,0.7818,0.7839
2017-11-17,0.7835,0.7864,0.7793,0.7836
2017-11-18,,,,
2017-11-19,,,,
2017-11-20,0.7823,0.7838,0.7795,0.7804
2017-11-21,0.78,0.7841,0.7785,0.7821
2017-11-22,0.7818,0.7876,0.7818,0.7869
2017-11-23,0.7866,0.7889,0.7854,0.786
2017-11-24,0.7861,0.7876,0.7843,0.7862
2017-11-25,,,,
2017-11-26,,,,
2017-11-27,0.7862,0.7884,0.7826,0.7834
2017-11-28,0.7831,0.7839,0.7793,0.7803
2017-11-29,0.78,0.7808,0.7763,0.7767
2017-11-30,0.7767,0.7779,0.7742,0.7752
2017-12-01,0.7749,0.789,0.7748,0.7882
2017-12-02,,,,
2017-12-03,,,,
2017-12-04,0.7866,0.7898,0.7853,0.788
2017-12-05,0.788,0.792,0.7867,0.7876
2017-12-06,0.7874,0.7901,0.7803,0.7816
2017-12-07,0.7813,0.7819,0.7766,0.7778
2017-12-08,0.7775,0.7803,0.7759,0.7781
2017-12-09,,,,
2017-12-10,,,,
2017-12-11,0.7773,0.7792,0.7766,0.7776
2017-12-12,0.7773,0.7803,0.7752,0.7764
2017-12-13,0.7762,0.7813,0.7759,0.7798
2017-12-14,0.7798,0.7863,0.7768,0.781
2017-12-15,0.7806,0.7848,0.775,0.7771
2017-12-16,,,,
2017-12-17,,,,
2017-12-18,0.7765,0.7785,0.7759,0.7772
2017-12-19,0.7772,0.778,0.7738,0.7763
2017-12-20,0.7761,0.7799,0.7759,0.7791
2017-12-21,0.7787,0.7872,0.7784,0.7846
2017-12-22,0.7845,0.7873,0.7815,0.7862
2017-12-23,,,,
2017-12-24,,,,
2017-12-25,0.7859,0.7867,0.7839,0.7858
2017-12-26,0.7858,0.7881,0.7848,0.788
2017-12-27,0.7876,0.7917,0.7872,0.7897
2017-12-28,0.7897,0.7956,0.7894,0.7954
2017-12-29,0.7952,0.7988,0.7938,0.7944
2017-12-30,,,,
2017-12-31,,,,
2018-01-01,0.7945,0.7973,0.7943,0.7964
2018-01-02,0.7962,0.7998,0.7957,0.7986
2018-01-03,0.7986,0.7998,0.7961,0.7972
2018-01-04,0.7969,0.8008,0.7959,0.8004
2018-01-05,0.8,0.809,0.7987,0.8059
2018-01-06,,,,
2018-01-07,,,,
2018-01-08,0.8054,0.8073,0.8031,0.8049
2018-01-09,0.8046,0.8064,0.801,0.8019
2018-01-10,0.802,0.8044,0.7943,0.797
2018-01-11,0.7966,0.7988,0.7939,0.7985
2018-01-12,0.7982,0.803,0.7961,0.8022
2018-01-13,,,,
2018-01-14,,,,
2018-01-15,0.803,0.806,0.8013,0.8045
2018-01-16,0.8041,0.8064,0.8026,0.8039
2018-01-17,0.8035,0.8079,0.7993,0.8028
2018-01-18,0.8025,0.8058,0.8005,0.8056
2018-01-19,0.8053,0.8063,0.7991,0.8006
2018-01-20,,,,
2018-01-21,,,,
2018-01-22,0.8007,0.804,0.7997,0.8032
2018-01-23,0.8029,0.805,0.8001,0.8043
2018-01-24,0.8043,0.8117,0.8042,0.8098
2018-01-25,0.8095,0.814,0.8067,0.807
2018-01-26,0.8067,0.8133,0.8066,0.8127
2018-01-27,,,,
2018-01-28,,,,
2018-01-29,0.8107,0.8121,0.8088,0.8101
2018-01-30,0.8098,0.8121,0.8073,0.8104
2018-01-31,0.8101,0.8159,0.8094,0.8123
2018-02-01,0.812,0.8156,0.8105,0.8147
2018-02-02,0.8144,0.8157,0.8037,0.8052
2018-02-03,,,,
2018-02-04,,,,
2018-02-05,0.8029,0.8064,0.7968,0.7977
2018-02-06,0.7974,0.8002,0.7953,0.8001
2018-02-07,0.7998,0.8002,0.7946,0.795
2018-02-08,0.795,0.7968,0.7924,0.7933
2018-02-09,0.7933,0.7958,0.7888,0.7946
2018-02-10,,,,
2018-02-11,,,,
2018-02-12,0.7939,0.7963,0.7917,0.794
2018-02-13,0.794,0.7955,0.7918,0.7936
2018-02-14,0.7936,0.8005,0.7902,0.8002
2018-02-15,0.7999,0.802,0.7973,0.8007
2018-02-16,0.8004,0.803,0.7953,0.7963
2018-02-17,,,,
2018-02-18,,,,
2018-02-19,0.7957,0.7981,0.7937,0.7956
2018-02-20,0.7954,0.7961,0.7901,0.7903
2018-02-21,0.7903,0.7918,0.7867,0.7873
2018-02-22,0.787,0.7889,0.7838,0.787
2018-02-23,0.7867,0.7921,0.7853,0.7921
2018-02-24,,,,
2018-02-25,,,,
2018-02-26,0.7905,0.7925,0.7863,0.7884
2018-02-27,0.788,0.7892,0.7821,0.7828
2018-02-28,0.7825,0.7834,0.7782,0.7791
2018-03-01,0.7787,0.7804,0.7751,0.7792
2018-03-02,0.7789,0.7799,0.7738,0.7759
2018-03-03,,,,
2018-03-04,,,,
2018-03-05,0.776,0.7763,0.7688,0.7706
2018-03-06,0.7702,0.7771,0.769,0.7739
2018-03-07,0.7736,0.7756,0.7687,0.7744
2018-03-08,0.7741,0.7769,0.7712,0.7756
2018-03-09,0.7753,0.7804,0.7742,0.78
2018-03-10,,,,
2018-03-11,,,,
2018-03-12,0.7798,0.7809,0.778,0.7784
2018-03-13,0.7781,0.7792,0.7698,0.7717
2018-03-14,0.7714,0.7737,0.7703,0.7717
2018-03-15,0.7713,0.7723,0.7649,0.7657
2018-03-16,0.7654,0.7662,0.7624,0.7632
2018-03-17,,,,
2018-03-18,,,,
2018-03-19,0.7631,0.7661,0.7614,0.7643
2018-03-20,0.7639,0.7658,0.7628,0.7645
2018-03-21,0.7642,0.7756,0.7642,0.7752
2018-03-22,0.7749,0.7792,0.7718,0.7732
2018-03-23,0.7729,0.7796,0.7724,0.7752
2018-03-24,,,,
2018-03-25,,,,
2018-03-26,0.7759,0.7786,0.7736,0.7779
2018-03-27,0.7776,0.7801,0.7746,0.7761
2018-03-28,0.7758,0.7772,0.7728,0.7735
2018-03-29,0.7732,0.7771,0.7728,0.7756
2018-03-30,0.7754,0.7773,0.7746,0.7752
2018-03-31,,,,
2018-04-01,,,,
2018-04-02,0.7754,0.7772,0.7721,0.774
2018-04-03,0.7737,0.7822,0.7733,0.7812
2018-04-04,0.7809,0.7836,0.7779,0.7833
2018-04-05,0.783,0.7844,0.7804,0.7829
2018-04-06,0.7826,0.7852,0.7811,0.7819
2018-04-07,,,,
2018-04-08,,,,
2018-04-09,0.7823,0.7877,0.7797,0.7869
2018-04-10,0.7864,0.7942,0.7864,0.7936
2018-04-11,0.7933,0.7968,0.7917,0.7948
2018-04-12,0.7948,0.7959,0.7918,0.7942
2018-04-13,0.7938,0.7965,0.7921,0.7927
2018-04-14,,,,
2018-04-15,,,,
2018-04-16,0.7931,0.7957,0.7917,0.7955
2018-04-17,0.7953,0.7981,0.7945,0.7963
2018-04-18,0.796,0.7967,0.7895,0.7915
2018-04-19,0.7915,0.7943,0.7884,0.7891
2018-04-20,0.7891,0.7914,0.7827,0.7831
2018-04-21,,,,
2018-04-22,,,,
2018-04-23,0.7831,0.7841,0.7773,0.7784
2018-04-24,0.7781,0.7801,0.7772,0.7792
2018-04-25,0.7792,0.7798,0.7749,0.7788
2018-04-26,0.7785,0.7797,0.7756,0.7763
2018-04-27,0.7763,0.7795,0.7747,0.7793
2018-04-28,,,,
2018-04-29,,,,
2018-04-30,0.7783,0.7807,0.7762,0.7789
2018-05-01,0.7786,0.7798,0.7741,0.7782
2018-05-02,0.7779,0.7808,0.7754,0.7765
2018-05-03,0.7762,0.78,0.7744,0.778
2018-05-04,0.7777,0.7789,0.7737,0.778
2018-05-05,,,,
2018-05-06,,,,
2018-05-07,0.7776,0.7786,0.7749,0.7758
2018-05-08,0.7755,0.7764,0.769,0.7718
2018-05-09,0.7715,0.7795,0.7703,0.7778
2018-05-10,0.7775,0.7844,0.7775,0.7831
2018-05-11,0.7828,0.7854,0.7808,0.7811
2018-05-12,,,,
2018-05-13,,,,
2018-05-14,0.7815,0.784,0.78,0.7809
2018-05-15,0.7806,0.7815,0.7733,0.7765
2018-05-16,0.7761,0.7824,0.7761,0.7822
2018-05-17,0.7819,0.7841,0.779,0.7795
2018-05-18,0.7792,0.7816,0.7741,0.7759
2018-05-19,,,,
2018-05-20,,,,
2018-05-21,0.776,0.7825,0.7753,0.7824
2018-05-22,0.7822,0.7844,0.7791,0.78
2018-05-23,0.7797,0.7802,0.7738,0.7784
2018-05-24,0.7784,0.7793,0.7736,0.7763
2018-05-25,0.776,0.7763,0.7695,0.7704
2018-05-26,,,,
2018-05-27,,,,
2018-05-28,0.7703,0.7707,0.7675,0.7693
2018-05-29,0.769,0.7708,0.766,0.7678
2018-05-30,0.7675,0.7789,0.7664,0.7757
2018-05-31,0.7754,0.7799,0.7694,0.7726
2018-06-01,0.7722,0.7731,0.7688,0.7716
2018-06-02,,,,
2018-06-03,,,,
2018-06-04,0.7712,0.7749,0.7709,0.7734
2018-06-05,0.7731,0.7741,0.7649,0.771
2018-06-06,0.7707,0.7773,0.7705,0.7725
2018-06-07,0.7722,0.7729,0.7688,0.7706
2018-06-08,0.7703,0.7737,0.7672,0.7733
2018-06-09,,,,
2018-06-10,,,,
2018-06-11,0.7703,0.7717,0.7671,0.7699
2018-06-12,0.7696,0.7703,0.767,0.7677
2018-06-13,0.7677,0.7716,0.7659,0.7705
2018-06-14,0.7702,0.772,0.7623,0.7628
2018-06-15,0.7625,0.7631,0.7567,0.7569
2018-06-16,,,,
2018-06-17,,,,
2018-06-18,0.757,0.7597,0.755,0.7572
2018-06-19,0.7569,0.7575,0.7519,0.7526
2018-06-20,0.7522,0.7535,0.7502,0.7511
2018-06-21,0.7509,0.7524,0.7495,0.7509
2018-06-22,0.7505,0.7539,0.7473,0.7531
2018-06-23,,,,
2018-06-24,,,,
2018-06-25,0.753,0.7533,0.7501,0.7522
2018-06-26,0.7519,0.7527,0.7497,0.7512
2018-06-27,0.7512,0.7529,0.7466,0.7498
2018-06-28,0.7495,0.7549,0.7486,0.7542
2018-06-29,0.7538,0.7614,0.7532,0.7606
2018-06-30,,,,
2018-07-01,,,,
2018-07-02,0.7603,0.7608,0.7558,0.7582
2018-07-03,0.7578,0.7613,0.7567,0.7606
2018-07-04,0.7604,0.7625,0.7593,0.7605
2018-07-05,0.7605,0.7623,0.7595,0.7609
2018-07-06,0.7609,0.7645,0.7599,0.7639
2018-07-07,,,,
2018-07-08,,,,
2018-07-09,0.7632,0.7651,0.7616,0.7623
2018-07-10,0.762,0.763,0.7602,0.7609
2018-07-11,0.7605,0.7652,0.7562,0.7567
2018-07-12,0.7565,0.7602,0.7562,0.759
2018-07-13,0.7589,0.7602,0.7566,0.7595
2018-07-14,,,,
2018-07-15,,,,
2018-07-16,0.7595,0.7625,0.7593,0.7611
2018-07-17,0.7607,0.7625,0.7561,0.7572
2018-07-18,0.7572,0.7595,0.7538,0.7591
2018-07-19,0.7588,0.7597,0.7521,0.7536
2018-07-20,0.7534,0.7622,0.7519,0.7601
2018-07-21,,,,
2018-07-22,,,,
2018-07-23,0.7615,0.7623,0.7582,0.7591
2018-07-24,0.7588,0.7611,0.7576,0.7598
2018-07-25,0.7595,0.7676,0.7591,0.7664
2018-07-26,0.766,0.7676,0.7635,0.7647
2018-07-27,0.7644,0.7663,0.7642,0.7656
2018-07-28,,,,
2018-07-29,,,,
2018-07-30,0.7651,0.7693,0.7641,0.7673
2018-07-31,0.7669,0.7697,0.7631,0.7678
2018-08-01,0.7675,0.7705,0.7667,0.7691
2018-08-02,0.7688,0.7694,0.7664,0.7678
2018-08-03,0.7675,0.7708,0.7665,0.7693
2018-08-04,,,,
2018-08-05,,,,
2018-08-06,0.7679,0.7698,0.7665,0.7685
2018-08-07,0.7685,0.7712,0.7644,0.7655
2018-08-08,0.7652,0.7686,0.7623,0.7679
2018-08-09,0.7677,0.769,0.765,0.7656
2018-08-10,0.7656,0.7664,0.7598,0.7604
2018-08-11,,,,
2018-08-12,,,,
2018-08-13,0.7603,0.7629,0.7588,0.7613
2018-08-14,0.7613,0.7661,0.7608,0.766
2018-08-15,0.7657,0.766,0.7586,0.7608
2018-08-16,0.7604,0.7623,0.7586,0.7598
2018-08-17,0.7595,0.766,0.7589,0.7651
2018-08-18,,,,
2018-08-19,,,,
2018-08-20,0.7653,0.7669,0.7633,0.7667
2018-08-21,0.7663,0.7682,0.7654,0.7667
2018-08-22,0.7664,0.7698,0.7662,0.7694
2018-08-23,0.7691,0.7695,0.763,0.7636
2018-08-24,0.7633,0.7684,0.7627,0.7674
2018-08-25,,,,
2018-08-26,,,,
2018-08-27,0.7677,0.7718,0.7648,0.7709
2018-08-28,0.7709,0.7757,0.7698,0.7733
2018-08-29,0.773,0.7748,0.7711,0.7743
2018-08-30,0.774,0.7748,0.7688,0.77
2018-08-31,0.7697,0.7701,0.7636,0.7666
2018-09-01,,,,
2018-09-02,,,,
2018-09-03,0.765,0.766,0.7627,0.7637
2018-09-04,0.7634,0.7637,0.7567,0.7586
2018-09-05,0.7583,0.7597,0.7567,0.7589
2018-09-06,0.7585,0.7615,0.7557,0.7602
2018-09-07,0.76,0.7625,0.7577,0.7596
2018-09-08,,,,
2018-09-09,,,,
2018-09-10,0.7585,0.7601,0.7572,0.7597
2018-09-11,0.7594,0.7665,0.7586,0.7655
2018-09-12,0.7652,0.7702,0.7641,0.7691
2018-09-13,0.7688,0.7704,0.7673,0.7692
2018-09-14,0.7689,0.77,0.7655,0.7663
2018-09-15,,,,
2018-09-16,,,,
2018-09-17,0.7661,0.7689,0.7656,0.7658
2018-09-18,0.7654,0.7709,0.7648,0.7708
2018-09-19,0.7705,0.775,0.7691,0.7737
2018-09-20,0.7734,0.7759,0.7731,0.7747
2018-09-21,0.7744,0.7758,0.7721,0.7738
2018-09-22,,,,
2018-09-23,,,,
2018-09-24,0.7734,0.7744,0.7713,0.772
2018-09-25,0.7717,0.7728,0.7704,0.7717
2018-09-26,0.7714,0.7723,0.7661,0.7669
2018-09-27,0.7665,0.7681,0.7641,0.7671
2018-09-28,0.7668,0.7747,0.7663,0.7745
2018-09-29,,,,
2018-09-30,,,,
2018-10-01,0.7782,0.7821,0.777,0.7804
2018-10-02,0.7801,0.7811,0.7783,0.7797
2018-10-03,0.7794,0.7805,0.7759,0.7767
2018-10-04,0.7764,0.7775,0.7725,0.7734
2018-10-05,0.7734,0.7747,0.7715,0.7725
2018-10-06,,,,
2018-10-07,,,,
2018-10-08,0.7718,0.7723,0.7681,0.7713
2018-10-09,0.7713,0.7727,0.7686,0.7721
2018-10-10,0.7721,0.7734,0.7647,0.7662
2018-10-11,0.7659,0.7678,0.7645,0.767
2018-10-12,0.7669,0.7686,0.7656,0.7675
2018-10-13,,,,
2018-10-14,,,,
2018-10-15,0.7675,0.7712,0.7658,0.7694
2018-10-16,0.7694,0.7737,0.7688,0.7729
2018-10-17,0.7726,0.773,0.767,0.7674
2018-10-18,0.7671,0.7678,0.7636,0.7644
2018-10-19,0.7641,0.7674,0.7611,0.7629
2018-10-20,,,,
2018-10-21,,,,
2018-10-22,0.7624,0.7643,0.7614,0.7632
2018-10-23,0.7629,0.7646,0.7616,0.764
2018-10-24,0.7637,0.7708,0.7629,0.7664
2018-10-25,0.7661,0.7681,0.763,0.7646
2018-10-26,0.7646,0.7649,0.7596,0.7628
2018-10-27,,,,
2018-10-28,,,,
2018-10-29,0.7631,0.7642,0.7601,0.761
2018-10-30,0.761,0.7631,0.7601,0.7618
2018-10-31,0.7618,0.7626,0.7588,0.7597
2018-11-01,0.7594,0.765,0.7589,0.764
2018-11-02,0.7636,0.7662,0.7618,0.7624
2018-11-03,,,,
2018-11-04,,,,
2018-11-05,0.7628,0.7648,0.762,0.7627
2018-11-06,0.7625,0.7628,0.7603,0.7618
2018-11-07,0.7614,0.7657,0.7595,0.7623
2018-11-08,0.762,0.7639,0.7581,0.7601
2018-11-09,0.7597,0.7608,0.7553,0.7566
2018-11-10,,,,
2018-11-11,,,,
2018-11-12,0.7567,0.7584,0.7542,0.7549
2018-11-13,0.7545,0.7565,0.7535,0.7555
2018-11-14,0.7552,0.7569,0.7535,0.7549
2018-11-15,0.7546,0.7599,0.7543,0.7587
2018-11-16,0.7583,0.7616,0.7579,0.76
2018-11-17,,,,
2018-11-18,,,,
2018-11-19,0.7597,0.7607,0.757,0.7591
2018-11-20,0.7588,0.76,0.7504,0.7513
2018-11-21,0.7509,0.7558,0.7504,0.7554
2018-11-22,0.7551,0.7584,0.7545,0.7577
2018-11-23,0.7577,0.7582,0.7538,0.7553
2018-11-24,,,,
2018-11-25,,,,
2018-11-26,0.7557,0.7581,0.7536,0.7545
2018-11-27,0.7541,0.7552,0.7498,0.7519
2018-11-28,0.7516,0.755,0.7481,0.7532
2018-11-29,0.7529,0.7543,0.7508,0.7528
2018-11-30,0.7525,0.7532,0.7496,0.752
2018-12-01,,,,
2018-12-02,,,,
2018-12-03,0.7539,0.7597,0.7532,0.7574
2018-12-04,0.7571,0.7594,0.7533,0.7536
2018-12-05,0.7537,0.7543,0.7459,0.7483
2018-12-06,0.7482,0.7485,0.7435,0.7465
2018-12-07,0.7462,0.7542,0.7458,0.7503
2018-12-08,,,,
2018-12-09,,,,
2018-12-10,0.7497,0.7521,0.7449,0.7463
2018-12-11,0.746,0.7472,0.7445,0.7465
2018-12-12,0.7462,0.7503,0.7462,0.7487
2018-12-13,0.7483,0.7495,0.7469,0.7489
2018-12-14,0.7485,0.749,0.7457,0.747
2018-12-15,,,,
2018-12-16,,,,
2018-12-17,0.7466,0.7476,0.7446,0.7451
2018-12-18,0.7451,0.7466,0.7405,0.7426
2018-12-19,0.7421,0.7452,0.74,0.7415
2018-12-20,0.7413,0.7435,0.7387,0.7403
2018-12-21,0.7401,0.7409,0.7347,0.7347
2018-12-22,,,,
2018-12-23,,,,
2018-12-24,0.7351,0.737,0.7336,0.7343
2018-12-25,0.7349,0.736,0.7313,0.7348
2018-12-26,0.7345,0.7368,0.734,0.7364
2018-12-27,0.7362,0.7369,0.7316,0.7341
2018-12-28,0.7337,0.7354,0.7315,0.733
2018-12-29,,,,
2018-12-30,,,,
2018-12-31,0.7331,0.7346,0.7314,0.7322
2019-01-01,0.7366,0.7366,0.7322,0.7334
2019-01-02,0.7331,0.7368,0.7316,0.7326
2019-01-03,0.7326,0.7422,0.7318,0.7416
2019-01-04,0.7414,0.7476,0.7407,0.7475
2019-01-05,,,,
2019-01-06,,,,
2019-01-07,0.7465,0.7529,0.7465,0.7519
2019-01-08,0.7516,0.7535,0.7502,0.7531
2019-01-09,0.7528,0.7585,0.7528,0.757
2019-01-10,0.7567,0.7571,0.7538,0.7552
2019-01-11,0.7549,0.7583,0.7526,0.7537
2019-01-12,,,,
2019-01-13,,,,
2019-01-14,0.7536,0.7543,0.7515,0.7527
2019-01-15,0.7524,0.7559,0.7517,0.7536
2019-01-16,0.7532,0.7553,0.7523,0.7543
2019-01-17,0.754,0.7545,0.7504,0.7528
2019-01-18,0.7525,0.7553,0.7523,0.754
2019-01-19,,,,
2019-01-20,,,,
2019-01-21,0.7533,0.7542,0.7504,0.7517
2019-01-22,0.7514,0.7519,0.7482,0.7487
2019-01-23,0.7484,0.7514,0.7475,0.749
2019-01-24,0.7488,0.75,0.7473,0.7485
2019-01-25,0.7481,0.7566,0.7481,0.7566
2019-01-26,,,,
2019-01-27,,,,
2019-01-28,0.756,0.7572,0.7523,0.7539
2019-01-29,0.7535,0.755,0.7522,0.7533
2019-01-30,0.7529,0.7621,0.7525,0.7601
2019-01-31,0.7598,0.762,0.7592,0.7614
2019-02-01,0.7611,0.765,0.7595,0.7635
2019-02-02,,,,
2019-02-03,,,,
2019-02-04,0.7634,0.764,0.7602,0.7621
2019-02-05,0.7617,0.763,0.7598,0.7615
2019-02-06,0.7612,0.7617,0.7559,0.7565
2019-02-07,0.7562,0.7565,0.7504,0.7514
2019-02-08,0.751,0.7555,0.7498,0.7525
2019-02-09,,,,
2019-02-10,,,,
2019-02-11,0.7532,0.7538,0.7504,0.7513
2019-02-12,0.751,0.7555,0.7506,0.7553
2019-02-13,0.755,0.7576,0.7532,0.7535
2019-02-14,0.7536,0.7556,0.7492,0.7517
2019-02-15,0.7517,0.7548,0.7507,0.7547
2019-02-16,,,,
2019-02-17,,,,
2019-02-18,0.7541,0.7559,0.7529,0.755
2019-02-19,0.7547,0.7571,0.7524,0.7562
2019-02-20,0.7562,0.7602,0.7561,0.7588
2019-02-21,0.7586,0.7595,0.7551,0.7554
2019-02-22,0.7554,0.7612,0.7546,0.7612
2019-02-23,,,,
2019-02-24,,,,
2019-02-25,0.7608,0.7624,0.7573,0.7581
2019-02-26,0.7578,0.76,0.7551,0.7591
2019-02-27,0.7589,0.7621,0.7583,0.7601
2019-02-28,0.7598,0.7608,0.7568,0.7587
2019-03-01,0.7589,0.7614,0.751,0.7515
2019-03-02,,,,
2019-03-03,,,,
2019-03-04,0.7527,0.7531,0.7493,0.751
2019-03-05,0.7507,0.7511,0.7475,0.7481
2019-03-06,0.7481,0.7486,0.7427,0.744
2019-03-07,0.7437,0.7453,0.7418,0.7428
2019-03-08,0.7429,0.7465,0.7422,0.7453
2019-03-09,,,,
2019-03-10,,,,
2019-03-11,0.7446,0.7469,0.7436,0.7463
2019-03-12,0.746,0.7489,0.7449,0.7486
2019-03-13,0.7483,0.7522,0.7474,0.7522
2019-03-14,0.7519,0.7524,0.7488,0.7497
2019-03-15,0.7497,0.7523,0.7474,0.7496
2019-03-16,,,,
2019-03-17,,,,
2019-03-18,0.749,0.7515,0.7477,0.749
2019-03-19,0.749,0.7545,0.7489,0.7503
2019-03-20,0.75,0.754,0.7488,0.7519
2019-03-21,0.7516,0.753,0.7459,0.7481
2019-03-22,0.7478,0.7487,0.7436,0.7452
2019-03-23,,,,
2019-03-24,,,,
2019-03-25,0.7443,0.7461,0.7434,0.7457
2019-03-26,0.7457,0.7476,0.7451,0.7467
2019-03-27,0.7467,0.7474,0.7437,0.7452
2019-03-28,0.7452,0.7463,0.743,0.7442
2019-03-29,0.7438,0.7493,0.7435,0.7492
2019-03-30,,,,
2019-03-31,,,,
2019-04-01,0.7485,0.7517,0.7476,0.7511
2019-04-02,0.7508,0.7513,0.7473,0.7494
2019-04-03,0.7491,0.7519,0.7485,0.7494
2019-04-04,0.749,0.7495,0.7473,0.7481
2019-04-05,0.7477,0.7489,0.7458,0.7462
2019-04-06,,,,
2019-04-07,,,,
2019-04-08,0.747,0.7514,0.7465,0.7506
2019-04-09,0.7504,0.7526,0.7493,0.7497
2019-04-10,0.7497,0.7513,0.7481,0.7504
2019-04-11,0.7504,0.7508,0.7459,0.7473
2019-04-12,0.747,0.7508,0.7466,0.7505
2019-04-13,,,,
2019-04-14,,,,
2019-04-15,0.7497,0.7518,0.7464,0.7472
2019-04-16,0.7472,0.749,0.7457,0.7484
2019-04-17,0.7482,0.7531,0.7474,0.7489
2019-04-18,0.7486,0.749,0.746,0.7471
2019-04-19,0.7468,0.748,0.7461,0.7465
2019-04-20,,,,
2019-04-21,,,,
2019-04-22,0.7468,0.7497,0.7467,0.7488
2019-04-23,0.7488,0.7492,0.7434,0.7444
2019-04-24,0.7441,0.7446,0.7393,0.7409
2019-04-25,0.7406,0.7417,0.7393,0.7417
2019-04-26,0.7414,0.7432,0.7404,0.7428
2019-04-27,,,,
2019-04-28,,,,
2019-04-29,0.7424,0.7439,0.7414,0.7431
2019-04-30,0.7428,0.7471,0.7414,0.7464
2019-05-01,0.7461,0.7474,0.7425,0.7437
2019-05-02,0.7436,0.7444,0.7416,0.7423
2019-05-03,0.742,0.7457,0.7412,0.7447
2019-05-04,,,,
2019-05-05,,,,
2019-05-06,0.7427,0.7443,0.7406,0.7432
2019-05-07,0.7429,0.7454,0.7409,0.7419
2019-05-08,0.7419,0.7436,0.741,0.7418
2019-05-09,0.7418,0.7428,0.7401,0.742
2019-05-10,0.7417,0.7472,0.7414,0.7451
2019-05-11,,,,
2019-05-12,,,,
2019-05-13,0.7441,0.7449,0.7409,0.7414
2019-05-14,0.7411,0.743,0.741,0.7429
2019-05-15,0.7426,0.7446,0.7406,0.7439
2019-05-16,0.7436,0.746,0.7419,0.7427
2019-05-17,0.7424,0.744,0.7395,0.7427
2019-05-18,,,,
2019-05-19,,,,
2019-05-20,0.7427,0.7452,0.7427,0.7446
2019-05-21,0.7442,0.7463,0.7439,0.7459
2019-05-22,0.7456,0.7484,0.7436,0.7442
2019-05-23,0.744,0.7443,0.7401,0.742
2019-05-24,0.7417,0.7444,0.7412,0.7437
2019-05-25,,,,
2019-05-26,,,,
2019-05-27,0.7437,0.7442,0.7428,0.7436
2019-05-28,0.7436,0.7442,0.7403,0.741
2019-05-29,0.7407,0.7415,0.738,0.7398
2019-05-30,0.7396,0.7413,0.7392,0.7408
2019-05-31,0.7405,0.7409,0.7368,0.7397
2019-06-01,,,,
2019-06-02,,,,
2019-06-03,0.739,0.744,0.7389,0.7433
2019-06-04,0.7433,0.7471,0.7432,0.7465
2019-06-05,0.7461,0.7481,0.7442,0.7448
2019-06-06,0.7445,0.7483,0.7441,0.748
2019-06-07,0.748,0.7538,0.7477,0.7533
2019-06-08,,,,
2019-06-09,,,,
2019-06-10,0.7532,0.7544,0.7526,0.7537
2019-06-11,0.7534,0.7545,0.751,0.7527
2019-06-12,0.7524,0.7532,0.7489,0.7497
2019-06-13,0.7494,0.7517,0.7491,0.7503
2019-06-14,0.7499,0.7503,0.7447,0.7451
2019-06-15,,,,
2019-06-16,,,,
2019-06-17,0.7452,0.7464,0.7447,0.7452
2019-06-18,0.7452,0.7475,0.744,0.7471
2019-06-19,0.747,0.7532,0.7468,0.7532
2019-06-20,0.7528,0.7602,0.7528,0.7579
2019-06-21,0.7576,0.7595,0.7555,0.7558
2019-06-22,,,,
2019-06-23,,,,
2019-06-24,0.7566,0.7587,0.7563,0.7584
2019-06-25,0.7581,0.7601,0.7567,0.7586
2019-06-26,0.7583,0.7628,0.7576,0.7617
2019-06-27,0.7614,0.7636,0.7607,0.7632
2019-06-28,0.7629,0.7653,0.7615,0.7615
2019-06-29,,,,
2019-06-30,,,,
2019-07-01,0.7636,0.7641,0.7603,0.7614
2019-07-02,0.761,0.7633,0.7607,0.763
2019-07-03,0.7627,0.7658,0.7617,0.7657
2019-07-04,0.7655,0.7667,0.764,0.7662
2019-07-05,0.7659,0.7662,0.7608,0.7643
2019-07-06,,,,
2019-07-07,,,,
2019-07-08,0.7642,0.766,0.7626,0.7633
2019-07-09,0.7629,0.7633,0.7605,0.7613
2019-07-10,0.7612,0.7654,0.7604,0.7647
2019-07-11,0.7644,0.7666,0.7635,0.7651
2019-07-12,0.7648,0.768,0.7647,0.7669
2019-07-13,,,,
2019-07-14,,,,
2019-07-15,0.767,0.7678,0.7656,0.7663
2019-07-16,0.766,0.7676,0.7634,0.7641
2019-07-17,0.7639,0.7669,0.7633,0.766
2019-07-18,0.7659,0.7681,0.7633,0.7664
2019-07-19,0.7661,0.7675,0.7624,0.7652
2019-07-20,,,,
2019-07-21,,,,
2019-07-22,0.7655,0.7666,0.7614,0.7617
2019-07-23,0.7613,0.7619,0.7593,0.7608
2019-07-24,0.7608,0.7621,0.7599,0.7606
2019-07-25,0.7606,0.7622,0.759,0.7593
2019-07-26,0.7593,0.7599,0.7572,0.759
2019-07-27,,,,
2019-07-28,,,,
2019-07-29,0.7589,0.7603,0.7581,0.7593
2019-07-30,0.7593,0.7606,0.7576,0.7603
2019-07-31,0.76,0.7628,0.7564,0.7581
2019-08-01,0.7578,0.7584,0.7544,0.7566
2019-08-02,0.7563,0.7574,0.7534,0.757
2019-08-03,,,,
2019-08-04,,,,
2019-08-05,0.7568,0.7587,0.7544,0.7567
2019-08-06,0.7563,0.7581,0.7518,0.7527
2019-08-07,0.7524,0.7534,0.749,0.7513
2019-08-08,0.7509,0.7561,0.7506,0.7555
2019-08-09,0.7552,0.7576,0.7532,0.7557
2019-08-10,,,,
2019-08-11,,,,
2019-08-12,0.7563,0.7567,0.7544,0.7549
2019-08-13,0.7549,0.758,0.7517,0.7562
2019-08-14,0.7558,0.7568,0.75,0.7505
2019-08-15,0.7505,0.7524,0.7493,0.7508
2019-08-16,0.7505,0.7538,0.75,0.7532
2019-08-17,,,,
2019-08-18,,,,
2019-08-19,0.7531,0.7544,0.7493,0.7499
2019-08-20,0.7499,0.7512,0.7488,0.7506
2019-08-21,0.7503,0.7542,0.7501,0.7522
2019-08-22,0.7522,0.7531,0.7505,0.7519
2019-08-23,0.7516,0.753,0.7493,0.7527
2019-08-24,,,,
2019-08-25,,,,
2019-08-26,0.7504,0.7546,0.7503,0.7545
2019-08-27,0.7541,0.756,0.7513,0.7526
2019-08-28,0.7523,0.7527,0.7504,0.7513
2019-08-29,0.751,0.7532,0.7503,0.752
2019-08-30,0.7521,0.7545,0.7496,0.751
2019-08-31,,,,
2019-09-01,,,,
2019-09-02,0.7504,0.751,0.748,0.7501
2019-09-03,0.7498,0.7504,0.7467,0.7495
2019-09-04,0.7491,0.7563,0.749,0.7557
2019-09-05,0.7557,0.7578,0.7544,0.7558
2019-09-06,0.7555,0.7598,0.755,0.7587
2019-09-07,,,,
2019-09-08,,,,
2019-09-09,0.7588,0.7609,0.7585,0.7592
2019-09-10,0.7589,0.7612,0.7576,0.7606
2019-09-11,0.7602,0.7609,0.7564,0.7575
2019-09-12,0.7572,0.7587,0.7559,0.7565
2019-09-13,0.7566,0.7568,0.752,0.7522
2019-09-14,,,,
2019-09-15,,,,
2019-09-16,0.7564,0.7567,0.7531,0.7549
2019-09-17,0.7549,0.7554,0.7517,0.7548
2019-09-18,0.7545,0.755,0.7509,0.7518
2019-09-19,0.7518,0.755,0.751,0.7539
2019-09-20,0.7538,0.7543,0.7514,0.7538
2019-09-21,,,,
2019-09-22,,,,
2019-09-23,0.7531,0.7543,0.7511,0.7541
2019-09-24,0.7538,0.7555,0.7529,0.7548
2019-09-25,0.7548,0.7552,0.7521,0.7536
2019-09-26,0.7536,0.7555,0.7527,0.7532
2019-09-27,0.7532,0.7565,0.7527,0.7545
2019-09-28,,,,
2019-09-29,,,,
2019-09-30,0.755,0.756,0.7537,0.7551
2019-10-01,0.7548,0.7568,0.752,0.7562
2019-10-02,0.7559,0.7571,0.7495,0.7496
2019-10-03,0.7496,0.7511,0.7487,0.7498
2019-10-04,0.7494,0.7517,0.7492,0.7504
2019-10-05,,,,
2019-10-06,,,,
2019-10-07,0.7507,0.7522,0.7497,0.7512
2019-10-08,0.7509,0.7524,0.7494,0.7504
2019-10-09,0.75,0.752,0.7488,0.7492
2019-10-10,0.7489,0.7534,0.7487,0.7522
2019-10-11,0.7519,0.7591,0.7513,0.7572
2019-10-12,,,,
2019-10-13,,,,
2019-10-14,0.7574,0.7578,0.7547,0.7557
2019-10-15,0.7554,0.7577,0.7548,0.7574
2019-10-16,0.7572,0.7583,0.7555,0.7573
2019-10-17,0.757,0.7614,0.7564,0.7606
2019-10-18,0.7606,0.7621,0.7603,0.7613
2019-10-19,,,,
2019-10-20,,,,
2019-10-21,0.7611,0.7642,0.7607,0.7635
2019-10-22,0.7635,0.7649,0.7617,0.7636
2019-10-23,0.7633,0.765,0.7623,0.7647
2019-10-24,0.7643,0.7659,0.7633,0.7644
2019-10-25,0.7644,0.7658,0.7641,0.7655
2019-10-26,,,,
2019-10-27,,,,
2019-10-28,0.7655,0.7661,0.7641,0.7657
2019-10-29,0.7654,0.7665,0.7629,0.7637
2019-10-30,0.7634,0.7646,0.7568,0.7596
2019-10-31,0.7593,0.761,0.7584,0.7592
2019-11-01,0.7589,0.7609,0.7574,0.7608
2019-11-02,,,,
2019-11-03,,,,
2019-11-04,0.7605,0.7614,0.7594,0.76
2019-11-05,0.7596,0.7623,0.7583,0.7603
2019-11-06,0.7599,0.7604,0.7575,0.7579
2019-11-07,0.7579,0.7597,0.7572,0.7589
2019-11-08,0.7585,0.759,0.755,0.7554
2019-11-09,,,,
2019-11-10,,,,
2019-11-11,0.7557,0.7567,0.755,0.7556
2019-11-12,0.7552,0.7564,0.7538,0.7554
2019-11-13,0.7553,0.7556,0.7532,0.754
2019-11-14,0.7539,0.7549,0.753,0.7547
2019-11-15,0.7544,0.7564,0.7541,0.7559
2019-11-16,,,,
2019-11-17,,,,
2019-11-18,0.7557,0.7576,0.7542,0.7571
2019-11-19,0.7569,0.7579,0.7529,0.7538
2019-11-20,0.7536,0.7538,0.7499,0.7513
2019-11-21,0.751,0.7534,0.75,0.7527
2019-11-22,0.7523,0.7543,0.7512,0.7512
2019-11-23,,,,
2019-11-24,,,,
2019-11-25,0.7516,0.7525,0.7504,0.7518
2019-11-26,0.7514,0.7534,0.7504,0.7533
2019-11-27,0.753,0.754,0.752,0.7526
2019-11-28,0.7522,0.7529,0.7514,0.7524
2019-11-29,0.7524,0.7532,0.7506,0.7528
2019-11-30,,,,
2019-12-01,,,,
2019-12-02,0.7523,0.7531,0.7507,0.7513
2019-12-03,0.751,0.7526,0.7502,0.752
2019-12-04,0.7517,0.7578,0.7515,0.7575
2019-12-05,0.7571,0.7598,0.7571,0.7585
2019-12-06,0.7582,0.759,0.7531,0.7538
2019-12-07,,,,
2019-12-08,,,,
2019-12-09,0.7538,0.7561,0.7533,0.7552
2019-12-10,0.7548,0.756,0.7543,0.7556
2019-12-11,0.7553,0.7595,0.7548,0.7589
2019-12-12,0.7586,0.7598,0.7575,0.7592
2019-12-13,0.7588,0.7602,0.7568,0.7589
2019-12-14,,,,
2019-12-15,,,,
2019-12-16,0.7581,0.7623,0.7579,0.7598
2019-12-17,0.7595,0.7605,0.758,0.7597
2019-12-18,0.7594,0.763,0.7585,0.7623
2019-12-19,0.7619,0.7626,0.7608,0.7613
2019-12-20,0.7612,0.7618,0.7583,0.76
2019-12-21,,,,
2019-12-22,,,,
2019-12-23,0.76,0.7608,0.7585,0.7605
2019-12-24,0.7603,0.7606,0.7583,0.7591
2019-12-25,0.7591,0.76,0.7585,0.7595
2019-12-26,0.7595,0.763,0.7594,0.7625
2019-12-27,0.7621,0.7652,0.7616,0.7641
2019-12-28,,,,
2019-12-29,,,,
2019-12-30,0.7643,0.7661,0.7639,0.7653
2019-12-31,0.765,0.7718,0.7648,0.7695
